{
  "initial_capital": 10000.0,
  "final_equity": 10041.506456549996,
  "total_return": 0.004150645654999607,
  "total_return_pct": 0.41506456549996074,
  "total_pnl": 41.506456549996074,
  "total_trades": 102,
  "winning_trades": 17,
  "losing_trades": 34,
  "win_rate": 0.16666666666666666,
  "win_rate_pct": 16.666666666666664,
  "avg_win": 12.802342473529423,
  "avg_loss": -5.0204773676470635,
  "avg_trade": 0.46023128970588234,
  "profit_factor": 1.2750124675424506,
  "max_drawdown": -0.006138168084006987,
  "max_drawdown_pct": -0.6138168084006987,
  "sharpe_ratio": 0.429711322032256,
  "sortino_ratio": 0.4296720077756004
}